{
  "project_info": {
    "project_number": "258310918921",
    "firebase_url": "https://employeeattendence-28023.firebaseio.com",
    "project_id": "employeeattendence-28023",
    "storage_bucket": "employeeattendence-28023.appspot.com"
  },
  "client": [
    {
      "client_info": {
        "mobilesdk_app_id": "1:258310918921:android:e9a3f234df20068f",
        "android_client_info": {
          "package_name": "com.example.employeeattendence"
        }
      },
      "oauth_client": [
        {
          "client_id": "258310918921-bne5iirki33k900sh5l21ijvtrstcijb.apps.googleusercontent.com",
          "client_type": 1,
          "android_info": {
            "package_name": "com.example.employeeattendence",
            "certificate_hash": "1208d177a599b850abe3e32b74a7dfe4cb69eb4f"
          }
        },
        {
          "client_id": "258310918921-l8ugaqk4hg81odfffib9b1kc04gou4ne.apps.googleusercontent.com",
          "client_type": 3
        }
      ],
      "api_key": [
        {
          "current_key": "AIzaSyAYmmaoSJ1Mk3CapKx5BUDSm9VVEkAW13s"
        }
      ],
      "services": {
        "appinvite_service": {
          "other_platform_oauth_client": [
            {
              "client_id": "258310918921-l8ugaqk4hg81odfffib9b1kc04gou4ne.apps.googleusercontent.com",
              "client_type": 3
            }
          ]
        }
      }
    }
  ],
  "configuration_version": "1"
}